{
  "main": {
    "id": "e039b491b67b9707",
    "type": "split",
    "children": [
      {
        "id": "57ac41a47377df11",
        "type": "tabs",
        "children": [
          {
            "id": "75622ee53ca3c4db",
            "type": "leaf",
            "state": {
              "type": "markdown",
              "state": {
                "file": "Active Recall Test/Test - 65.md",
                "mode": "source",
                "source": false
              }
            }
          }
        ]
      }
    ],
    "direction": "vertical"
  },
  "left": {
    "id": "81ab2fce9eb20a71",
    "type": "split",
    "children": [
      {
        "id": "d14053518d749a48",
        "type": "tabs",
        "children": [
          {
            "id": "00d35bc27fe529ed",
            "type": "leaf",
            "state": {
              "type": "file-explorer",
              "state": {
                "sortOrder": "alphabetical"
              }
            }
          },
          {
            "id": "e732f27e8a7d30e9",
            "type": "leaf",
            "state": {
              "type": "search",
              "state": {
                "query": "",
                "matchingCase": false,
                "explainSearch": false,
                "collapseAll": false,
                "extraContext": false,
                "sortOrder": "alphabetical"
              }
            }
          },
          {
            "id": "2b08157e691ed92e",
            "type": "leaf",
            "state": {
              "type": "bookmarks",
              "state": {}
            }
          }
        ]
      }
    ],
    "direction": "horizontal",
    "width": 300
  },
  "right": {
    "id": "6778c93b6add4f30",
    "type": "split",
    "children": [
      {
        "id": "e1deec78586e8378",
        "type": "tabs",
        "children": [
          {
            "id": "dee371b682fa363b",
            "type": "leaf",
            "state": {
              "type": "backlink",
              "state": {
                "file": "Active Recall Test/Test - 65.md",
                "collapseAll": false,
                "extraContext": false,
                "sortOrder": "alphabetical",
                "showSearch": false,
                "searchQuery": "",
                "backlinkCollapsed": false,
                "unlinkedCollapsed": true
              }
            }
          },
          {
            "id": "6a2bf8b8946a9513",
            "type": "leaf",
            "state": {
              "type": "outgoing-link",
              "state": {
                "file": "Active Recall Test/Test - 65.md",
                "linksCollapsed": false,
                "unlinkedCollapsed": true
              }
            }
          },
          {
            "id": "a9dc7ad3ee094160",
            "type": "leaf",
            "state": {
              "type": "tag",
              "state": {
                "sortOrder": "frequency",
                "useHierarchy": true
              }
            }
          },
          {
            "id": "bf9e2516e3a1c27b",
            "type": "leaf",
            "state": {
              "type": "outline",
              "state": {
                "file": "Active Recall Test/Test - 65.md"
              }
            }
          }
        ]
      }
    ],
    "direction": "horizontal",
    "width": 300,
    "collapsed": true
  },
  "left-ribbon": {
    "hiddenItems": {
      "switcher:Open quick switcher": false,
      "graph:Open graph view": false,
      "canvas:Create new canvas": false,
      "daily-notes:Open today's daily note": false,
      "templates:Insert template": false,
      "command-palette:Open command palette": false
    }
  },
  "active": "75622ee53ca3c4db",
  "lastOpenFiles": [
    "Level 8 Async/65 - URL.md",
    "Level 8 Async/64 - Fetch.md",
    "Level 8 Async/63 - API Intro.md",
    "Level 8 Async/62 - Promise.md",
    "Active Recall Test/Test - 62.md",
    "Active Recall Test/Test - 63.md",
    "Active Recall Test/Test - 61.md",
    "Active Recall Test/Test - 60.md",
    "Active Recall Test/Test - 59.md",
    "Level 8 Async/61 - Event Loop and Callback Queue.md",
    "Level 8 Async/60 - Single-Threaded Execution.md",
    "Level 8 Async/59 - Synchronous and Asynchronous.md",
    "Active Recall Test/Test - 58.md",
    "Active Recall Test/Test - 57.md",
    "Level 8 Async/58 - AJAX.md",
    "Level 8 Async/57 - POST and GET.md",
    "Active Recall Test/Test - 56.md",
    "Level 8 Async/56 - JSON.md",
    "Active Recall Test/Test - 65.md",
    "Active Recall Test/Test - 64.md",
    "Active Recall Test",
    "Active Recall Test/Test - 0.md",
    "Active Recall Test/Test - 9.md",
    "Active Recall Test/Test - 8.md",
    "Active Recall Test/Test - 7.md",
    "Active Recall Test/Test - 6.md",
    "Active Recall Test/Test - 5.md",
    "Active Recall Test"
  ]
}