{
  "collapse-filter": false,
  "search": "",
  "showTags": false,
  "showAttachments": false,
  "hideUnresolved": false,
  "showOrphans": false,
  "collapse-color-groups": false,
  "colorGroups": [
    {
      "query": "line:()",
      "color": {
        "a": 1,
        "rgb": 4854033
      }
    }
  ],
  "collapse-display": false,
  "showArrow": true,
  "textFadeMultiplier": 0,
  "nodeSizeMultiplier": 1,
  "lineSizeMultiplier": 1,
  "collapse-forces": false,
  "centerStrength": 0.690311418685121,
  "repelStrength": 10.6920415224913,
  "linkStrength": 0,
  "linkDistance": 36,
  "scale": 0.7478537827650176,
  "close": true
}