{
  "main": {
    "id": "308deefd054d3722",
    "type": "split",
    "children": [
      {
        "id": "7bc1a8d205cc3bec",
        "type": "tabs",
        "children": [
          {
            "id": "922996e796a6e631",
            "type": "leaf",
            "state": {
              "type": "markdown",
              "state": {
                "file": "Level 10 Interview Test/README.md",
                "mode": "preview",
                "source": false
              }
            }
          }
        ]
      }
    ],
    "direction": "vertical"
  },
  "left": {
    "id": "b63c96ca28db4b02",
    "type": "split",
    "children": [
      {
        "id": "1838c8c8f0f7bcb6",
        "type": "tabs",
        "children": [
          {
            "id": "f5d36d4cd6c1b085",
            "type": "leaf",
            "state": {
              "type": "file-explorer",
              "state": {
                "sortOrder": "alphabetical"
              }
            }
          },
          {
            "id": "dc46c18453518b9f",
            "type": "leaf",
            "state": {
              "type": "search",
              "state": {
                "query": "",
                "matchingCase": false,
                "explainSearch": false,
                "collapseAll": false,
                "extraContext": false,
                "sortOrder": "alphabetical"
              }
            }
          },
          {
            "id": "0fc76c05fd59a55e",
            "type": "leaf",
            "state": {
              "type": "bookmarks",
              "state": {}
            }
          }
        ]
      }
    ],
    "direction": "horizontal",
    "width": 300
  },
  "right": {
    "id": "275bf1f6c1e32571",
    "type": "split",
    "children": [
      {
        "id": "c8a89ea9a3cfabe6",
        "type": "tabs",
        "children": [
          {
            "id": "74a95ceee9eb25be",
            "type": "leaf",
            "state": {
              "type": "backlink",
              "state": {
                "file": "Level 10 Interview Test/README.md",
                "collapseAll": false,
                "extraContext": false,
                "sortOrder": "alphabetical",
                "showSearch": false,
                "searchQuery": "",
                "backlinkCollapsed": false,
                "unlinkedCollapsed": true
              }
            }
          },
          {
            "id": "b951e8b1df6bc057",
            "type": "leaf",
            "state": {
              "type": "outgoing-link",
              "state": {
                "file": "Level 10 Interview Test/README.md",
                "linksCollapsed": false,
                "unlinkedCollapsed": true
              }
            }
          },
          {
            "id": "05d5de92c60ce5e5",
            "type": "leaf",
            "state": {
              "type": "tag",
              "state": {
                "sortOrder": "frequency",
                "useHierarchy": true
              }
            }
          },
          {
            "id": "d3047e3ee9788e59",
            "type": "leaf",
            "state": {
              "type": "outline",
              "state": {
                "file": "Level 10 Interview Test/README.md"
              }
            }
          }
        ]
      }
    ],
    "direction": "horizontal",
    "width": 300,
    "collapsed": true
  },
  "left-ribbon": {
    "hiddenItems": {
      "switcher:Open quick switcher": false,
      "graph:Open graph view": false,
      "canvas:Create new canvas": false,
      "daily-notes:Open today's daily note": true,
      "templates:Insert template": true,
      "command-palette:Open command palette": true,
      "zk-prefixer:Create new unique note": true,
      "publish:Publish changes...": true,
      "markdown-importer:Open format converter": true
    }
  },
  "active": "f5d36d4cd6c1b085",
  "lastOpenFiles": [
    "makeTest.sh",
    "organize.sh",
    "Level 0/1 - Linking.md",
    "Untitled",
    "Level 0/7 - Loops + labels.md",
    "Level 0/8 - Switch syntax.md",
    "Level 0/3 - Arrays.md",
    "Level 0/2 - Comparison operators.md",
    "Level 8 Async API/Active Recall Test/Test - 65.md",
    "Level 8 Async API/Active Recall Test/Test - 62.md",
    "Level 3/37 - prompt, confirm.md",
    "Level 3/38 - Object Model.md",
    "Level 3/40 - Storage.md",
    "Level 3/39 - Storage.md",
    "Level 2/34 - Creating node.md",
    "Level 5/48 - Array.copyWithin.md",
    "Untitled.md",
    "Untitled/Level 8 Async/Promise.md",
    "Untitled/Level 9 API/60 - AJAX.md",
    "Untitled/Level 9 API/61 - post and get.md",
    "Untitled/Level 8 Async/59 - Event Loop and Callback Queue.md",
    "Untitled/Level 8 Async/58 - Single-Threaded Execution.md",
    "Untitled/Level 8 Async/57 - Synchronous and Asynchronous.md",
    "Untitled/Level 8 Async",
    "Untitled/Level 9 API/56 - JSON.md",
    "Level 0/9 - Temporal Dead Zone (TDZ).md",
    "Level 0/6 - Condition ternary operation.md",
    "Level 2/31 - DOM.md",
    "Level 7/55 - and exporting.md",
    "Level API",
    "Level 7",
    "Level 5",
    "Level 4",
    "Level 6",
    "Untitled.canvas",
    "Level 3",
    "Level 10 Interview Test",
    "Pasted image 20240718011535.png",
    "Pasted image 20240718015935.png",
    "Pasted image 20240717212523.png",
    "Pasted image 20240717212353.png",
    "Pasted image 20240718011130.png",
    "21 - functions/Untitled.canvas"
  ]
}